website_name,competence_date,listing_id,listing_title,listing_description,property_type,listing_type,reference_market,country_code,location_description,location_region,location_province,location_city,location_zip,locaiton_neighborhood,location_street,location_street_n,location_lon,location_lat,area_unit,area_value,bedrooms,bathrooms,floor,total_floors,amenities_list,listing_date,listing_status,agent_id,agent_url,currency_code,price,imageurl,itemurl
Nobroker.in,2025-02-23,NB-1001,1 BHK House in Bangalore,"Spacious and well-ventilated 1 BHK property located in Bangalore, Maharashtra.",House,RENTAL,RESIDENTIAL,IND,"Andheri, Bangalore",Maharashtra,Maharashtra,Bangalore,551883,T Nagar,10 Main Road,37,76.481479,13.660848,SQMT,1456.16,1,4,4,8,"Balcony, Parking, A/C, Heating",2025-02-23,Available,AGENT-1,https://nobroker.in/agent/1,INR,7575945.79,https://nobroker.in/listing/NB-1001/image.jpg,https://nobroker.in/listing/NB-1001
Nobroker.in,2025-02-21,NB-1002,3 BHK Studio in Bangalore,"Spacious and well-ventilated 3 BHK property located in Bangalore, Delhi.",Studio,RENTAL,RESIDENTIAL,IND,"Indiranagar, Bangalore",Delhi,Delhi,Bangalore,509535,Connaught Place,56 Main Road,47,77.308833,18.51297,SQMT,587.26,3,1,1,2,"Terrace, Lift, A/C, Parking, Heating",2025-02-21,Available,AGENT-2,https://nobroker.in/agent/2,INR,3587129.56,https://nobroker.in/listing/NB-1002/image.jpg,https://nobroker.in/listing/NB-1002
Nobroker.in,2025-04-15,NB-1003,5 BHK Villa in Delhi,"Spacious and well-ventilated 5 BHK property located in Delhi, Delhi.",Studio,SALE,BUSINESS,IND,"Indiranagar, Delhi",Delhi,Delhi,Delhi,489335,Indiranagar,39 Main Road,36,73.248421,13.891989,SQMT,2011.18,5,4,4,9,"Terrace, Heating",2025-04-15,Available,AGENT-3,https://nobroker.in/agent/3,INR,2078407.97,https://nobroker.in/listing/NB-1003/image.jpg,https://nobroker.in/listing/NB-1003
Nobroker.in,2025-02-20,NB-1004,5 BHK Villa in Delhi,"Spacious and well-ventilated 5 BHK property located in Delhi, Tamil Nadu.",Villa,SALE,BUSINESS,IND,"Andheri, Delhi",Tamil Nadu,Tamil Nadu,Delhi,400885,Indiranagar,65 Main Road,49,75.813556,17.558204,SQFT,1403.51,5,2,3,6,"Lift, Balcony",2025-02-20,Available,AGENT-4,https://nobroker.in/agent/4,INR,9381740.74,https://nobroker.in/listing/NB-1004/image.jpg,https://nobroker.in/listing/NB-1004
Nobroker.in,2025-03-17,NB-1005,1 BHK Studio in Delhi,"Spacious and well-ventilated 1 BHK property located in Delhi, Tamil Nadu.",Studio,RENTAL,RESIDENTIAL,IND,"Connaught Place, Delhi",Tamil Nadu,Tamil Nadu,Delhi,459452,Connaught Place,20 Main Road,14,73.400047,16.555763,SQMT,1972.32,1,3,3,8,"Heating, Terrace",2025-03-17,Available,AGENT-5,https://nobroker.in/agent/5,INR,6918347.35,https://nobroker.in/listing/NB-1005/image.jpg,https://nobroker.in/listing/NB-1005
Nobroker.in,2025-02-16,NB-1006,1 BHK Villa in Bangalore,"Spacious and well-ventilated 1 BHK property located in Bangalore, Delhi.",Studio,RENTAL,RESIDENTIAL,IND,"Indiranagar, Bangalore",Delhi,Delhi,Bangalore,470991,Indiranagar,13 Main Road,43,76.416389,13.660441,SQFT,1268.79,1,4,6,9,"Parking, Heating, Lift, A/C",2025-02-16,Available,AGENT-6,https://nobroker.in/agent/6,INR,3419009.53,https://nobroker.in/listing/NB-1006/image.jpg,https://nobroker.in/listing/NB-1006
Nobroker.in,2025-03-12,NB-1007,5 BHK Studio in Bangalore,"Spacious and well-ventilated 5 BHK property located in Bangalore, Karnataka.",Studio,RENTAL,BUSINESS,IND,"Connaught Place, Bangalore",Karnataka,Karnataka,Bangalore,480467,Andheri,20 Main Road,17,74.999592,16.221675,SQFT,1129.18,5,3,5,8,"Lift, Terrace, Balcony, A/C, Heating",2025-03-12,Available,AGENT-7,https://nobroker.in/agent/7,INR,7408293.15,https://nobroker.in/listing/NB-1007/image.jpg,https://nobroker.in/listing/NB-1007
Nobroker.in,2025-04-02,NB-1008,5 BHK Studio in Delhi,"Spacious and well-ventilated 5 BHK property located in Delhi, Karnataka.",Studio,SALE,BUSINESS,IND,"Andheri, Delhi",Karnataka,Karnataka,Delhi,580246,T Nagar,34 Main Road,7,75.394852,13.937452,SQFT,1814.78,5,2,5,5,"Parking, Lift, Balcony, Terrace",2025-04-02,Available,AGENT-8,https://nobroker.in/agent/8,INR,2682750.45,https://nobroker.in/listing/NB-1008/image.jpg,https://nobroker.in/listing/NB-1008
Nobroker.in,2025-02-28,NB-1009,2 BHK Studio in Bangalore,"Spacious and well-ventilated 2 BHK property located in Bangalore, Tamil Nadu.",House,SALE,BUSINESS,IND,"T Nagar, Bangalore",Tamil Nadu,Tamil Nadu,Bangalore,506784,Andheri,1 Main Road,56,73.880616,18.44448,SQMT,1368.97,2,4,8,8,"Parking, A/C, Terrace",2025-02-28,Available,AGENT-9,https://nobroker.in/agent/9,INR,1505082.74,https://nobroker.in/listing/NB-1009/image.jpg,https://nobroker.in/listing/NB-1009
Nobroker.in,2025-03-07,NB-1010,4 BHK Studio in Chennai,"Spacious and well-ventilated 4 BHK property located in Chennai, Delhi.",Villa,RENTAL,RESIDENTIAL,IND,"Andheri, Chennai",Delhi,Delhi,Chennai,487096,T Nagar,87 Main Road,30,73.611768,18.828139,SQMT,1662.87,4,1,1,3,"Lift, Terrace, Balcony",2025-03-07,Available,AGENT-10,https://nobroker.in/agent/10,INR,6938341.03,https://nobroker.in/listing/NB-1010/image.jpg,https://nobroker.in/listing/NB-1010
Nobroker.in,2025-04-15,NB-1011,2 BHK Studio in Delhi,"Spacious and well-ventilated 2 BHK property located in Delhi, Tamil Nadu.",Apartment,RENTAL,RESIDENTIAL,IND,"Indiranagar, Delhi",Tamil Nadu,Tamil Nadu,Delhi,532657,Connaught Place,3 Main Road,73,73.824872,13.478201,SQMT,2374.95,2,4,1,2,"Balcony, Lift",2025-04-15,Available,AGENT-11,https://nobroker.in/agent/11,INR,7630301.59,https://nobroker.in/listing/NB-1011/image.jpg,https://nobroker.in/listing/NB-1011
Nobroker.in,2025-03-18,NB-1012,1 BHK House in Bangalore,"Spacious and well-ventilated 1 BHK property located in Bangalore, Tamil Nadu.",Studio,RENTAL,RESIDENTIAL,IND,"T Nagar, Bangalore",Tamil Nadu,Tamil Nadu,Bangalore,587806,Connaught Place,18 Main Road,33,76.804404,16.405332,SQFT,2254.61,1,1,8,9,"A/C, Heating, Parking",2025-03-18,Available,AGENT-12,https://nobroker.in/agent/12,INR,7692047.31,https://nobroker.in/listing/NB-1012/image.jpg,https://nobroker.in/listing/NB-1012
Nobroker.in,2025-04-09,NB-1013,3 BHK Studio in Mumbai,"Spacious and well-ventilated 3 BHK property located in Mumbai, Delhi.",Villa,SALE,BUSINESS,IND,"Connaught Place, Mumbai",Delhi,Delhi,Mumbai,571825,Indiranagar,47 Main Road,71,74.489732,13.350038,SQMT,2492.81,3,1,10,14,"A/C, Balcony, Parking",2025-04-09,Available,AGENT-13,https://nobroker.in/agent/13,INR,8887546.5,https://nobroker.in/listing/NB-1013/image.jpg,https://nobroker.in/listing/NB-1013
Nobroker.in,2025-03-08,NB-1014,5 BHK Apartment in Chennai,"Spacious and well-ventilated 5 BHK property located in Chennai, Tamil Nadu.",House,SALE,RESIDENTIAL,IND,"Andheri, Chennai",Tamil Nadu,Tamil Nadu,Chennai,450877,Indiranagar,6 Main Road,73,77.489529,18.020346,SQFT,2173.16,5,1,3,3,"Terrace, Balcony",2025-03-08,Available,AGENT-14,https://nobroker.in/agent/14,INR,6445817.72,https://nobroker.in/listing/NB-1014/image.jpg,https://nobroker.in/listing/NB-1014
Nobroker.in,2025-04-11,NB-1015,2 BHK Villa in Bangalore,"Spacious and well-ventilated 2 BHK property located in Bangalore, Tamil Nadu.",Apartment,RENTAL,RESIDENTIAL,IND,"Andheri, Bangalore",Tamil Nadu,Tamil Nadu,Bangalore,571868,Connaught Place,87 Main Road,43,73.25345,14.578948,SQMT,2116.49,2,2,5,7,"Heating, Balcony, A/C, Lift",2025-04-11,Available,AGENT-15,https://nobroker.in/agent/15,INR,7187549.58,https://nobroker.in/listing/NB-1015/image.jpg,https://nobroker.in/listing/NB-1015
Nobroker.in,2025-02-18,NB-1016,3 BHK Studio in Bangalore,"Spacious and well-ventilated 3 BHK property located in Bangalore, Maharashtra.",Villa,SALE,RESIDENTIAL,IND,"Andheri, Bangalore",Maharashtra,Maharashtra,Bangalore,490298,T Nagar,33 Main Road,19,74.928114,17.443254,SQMT,935.15,3,3,4,7,"Lift, A/C, Terrace, Heating, Parking",2025-02-18,Available,AGENT-16,https://nobroker.in/agent/16,INR,5512710.6,https://nobroker.in/listing/NB-1016/image.jpg,https://nobroker.in/listing/NB-1016
Nobroker.in,2025-02-16,NB-1017,4 BHK House in Chennai,"Spacious and well-ventilated 4 BHK property located in Chennai, Karnataka.",House,SALE,BUSINESS,IND,"Andheri, Chennai",Karnataka,Karnataka,Chennai,560706,T Nagar,25 Main Road,41,76.683993,16.037032,SQFT,2339.79,4,4,3,3,"Balcony, A/C, Parking, Lift, Terrace",2025-02-16,Available,AGENT-17,https://nobroker.in/agent/17,INR,9055401.67,https://nobroker.in/listing/NB-1017/image.jpg,https://nobroker.in/listing/NB-1017
Nobroker.in,2025-03-08,NB-1018,3 BHK Villa in Mumbai,"Spacious and well-ventilated 3 BHK property located in Mumbai, Tamil Nadu.",Apartment,SALE,RESIDENTIAL,IND,"Andheri, Mumbai",Tamil Nadu,Tamil Nadu,Mumbai,491317,Indiranagar,27 Main Road,80,73.570752,17.804663,SQMT,1211.94,3,2,5,5,"Heating, A/C, Terrace, Parking, Balcony",2025-03-08,Available,AGENT-18,https://nobroker.in/agent/18,INR,6388952.3,https://nobroker.in/listing/NB-1018/image.jpg,https://nobroker.in/listing/NB-1018
Nobroker.in,2025-03-18,NB-1019,1 BHK House in Mumbai,"Spacious and well-ventilated 1 BHK property located in Mumbai, Tamil Nadu.",House,SALE,BUSINESS,IND,"Connaught Place, Mumbai",Tamil Nadu,Tamil Nadu,Mumbai,410730,T Nagar,27 Main Road,54,74.233061,17.552287,SQMT,1201.52,1,1,1,4,"Balcony, Parking, Heating",2025-03-18,Available,AGENT-19,https://nobroker.in/agent/19,INR,3961790.76,https://nobroker.in/listing/NB-1019/image.jpg,https://nobroker.in/listing/NB-1019
Nobroker.in,2025-03-24,NB-1020,4 BHK Apartment in Bangalore,"Spacious and well-ventilated 4 BHK property located in Bangalore, Delhi.",Apartment,SALE,BUSINESS,IND,"T Nagar, Bangalore",Delhi,Delhi,Bangalore,437635,T Nagar,68 Main Road,26,76.370958,18.101119,SQMT,1899.36,4,4,4,4,"Lift, A/C",2025-03-24,Available,AGENT-20,https://nobroker.in/agent/20,INR,6640192.99,https://nobroker.in/listing/NB-1020/image.jpg,https://nobroker.in/listing/NB-1020
Nobroker.in,2025-04-03,NB-1021,4 BHK Villa in Bangalore,"Spacious and well-ventilated 4 BHK property located in Bangalore, Tamil Nadu.",Studio,SALE,BUSINESS,IND,"Connaught Place, Bangalore",Tamil Nadu,Tamil Nadu,Bangalore,576913,T Nagar,30 Main Road,32,73.235352,17.247528,SQFT,1008.07,4,1,10,14,"Heating, Parking, A/C, Lift",2025-04-03,Available,AGENT-21,https://nobroker.in/agent/21,INR,8865844.3,https://nobroker.in/listing/NB-1021/image.jpg,https://nobroker.in/listing/NB-1021
Nobroker.in,2025-03-21,NB-1022,3 BHK Apartment in Delhi,"Spacious and well-ventilated 3 BHK property located in Delhi, Tamil Nadu.",House,SALE,RESIDENTIAL,IND,"Andheri, Delhi",Tamil Nadu,Tamil Nadu,Delhi,446813,Andheri,85 Main Road,19,74.389357,13.441455,SQFT,2364.61,3,4,10,11,"Balcony, Parking, Lift",2025-03-21,Available,AGENT-22,https://nobroker.in/agent/22,INR,8323307.76,https://nobroker.in/listing/NB-1022/image.jpg,https://nobroker.in/listing/NB-1022
Nobroker.in,2025-04-05,NB-1023,5 BHK Studio in Delhi,"Spacious and well-ventilated 5 BHK property located in Delhi, Delhi.",Apartment,SALE,BUSINESS,IND,"Connaught Place, Delhi",Delhi,Delhi,Delhi,418393,Indiranagar,35 Main Road,83,73.079147,16.716838,SQFT,564.8,5,4,5,10,"Balcony, Heating",2025-04-05,Available,AGENT-23,https://nobroker.in/agent/23,INR,8200352.5,https://nobroker.in/listing/NB-1023/image.jpg,https://nobroker.in/listing/NB-1023
Nobroker.in,2025-02-26,NB-1024,5 BHK House in Bangalore,"Spacious and well-ventilated 5 BHK property located in Bangalore, Delhi.",Studio,SALE,BUSINESS,IND,"T Nagar, Bangalore",Delhi,Delhi,Bangalore,544925,T Nagar,55 Main Road,56,75.668378,16.748379,SQMT,1150.95,5,4,8,10,"Heating, Balcony, A/C, Terrace",2025-02-26,Available,AGENT-24,https://nobroker.in/agent/24,INR,2420848.04,https://nobroker.in/listing/NB-1024/image.jpg,https://nobroker.in/listing/NB-1024
Nobroker.in,2025-03-29,NB-1025,4 BHK House in Delhi,"Spacious and well-ventilated 4 BHK property located in Delhi, Karnataka.",Apartment,RENTAL,RESIDENTIAL,IND,"Indiranagar, Delhi",Karnataka,Karnataka,Delhi,457805,Andheri,27 Main Road,58,76.372402,17.768762,SQFT,2316.98,4,3,6,7,"Heating, Balcony, A/C",2025-03-29,Available,AGENT-25,https://nobroker.in/agent/25,INR,6201147.28,https://nobroker.in/listing/NB-1025/image.jpg,https://nobroker.in/listing/NB-1025
Nobroker.in,2025-04-08,NB-1026,1 BHK House in Mumbai,"Spacious and well-ventilated 1 BHK property located in Mumbai, Maharashtra.",Studio,SALE,BUSINESS,IND,"Indiranagar, Mumbai",Maharashtra,Maharashtra,Mumbai,555812,T Nagar,2 Main Road,45,76.258961,13.485482,SQFT,1723.1,1,3,7,11,"Balcony, Heating, Terrace, A/C",2025-04-08,Available,AGENT-26,https://nobroker.in/agent/26,INR,6291392.63,https://nobroker.in/listing/NB-1026/image.jpg,https://nobroker.in/listing/NB-1026
Nobroker.in,2025-04-14,NB-1027,1 BHK Villa in Chennai,"Spacious and well-ventilated 1 BHK property located in Chennai, Maharashtra.",Studio,SALE,BUSINESS,IND,"Andheri, Chennai",Maharashtra,Maharashtra,Chennai,439099,Indiranagar,76 Main Road,47,73.200394,17.3389,SQFT,1301.89,1,3,5,6,"Balcony, Terrace, Parking, Heating",2025-04-14,Available,AGENT-27,https://nobroker.in/agent/27,INR,6772906.97,https://nobroker.in/listing/NB-1027/image.jpg,https://nobroker.in/listing/NB-1027
Nobroker.in,2025-04-16,NB-1028,4 BHK House in Bangalore,"Spacious and well-ventilated 4 BHK property located in Bangalore, Delhi.",Apartment,RENTAL,RESIDENTIAL,IND,"T Nagar, Bangalore",Delhi,Delhi,Bangalore,431220,Andheri,92 Main Road,45,77.116064,17.821896,SQFT,1853.03,4,2,8,11,"Terrace, Lift, Balcony",2025-04-16,Available,AGENT-28,https://nobroker.in/agent/28,INR,2381093.48,https://nobroker.in/listing/NB-1028/image.jpg,https://nobroker.in/listing/NB-1028
Nobroker.in,2025-04-07,NB-1029,4 BHK Villa in Chennai,"Spacious and well-ventilated 4 BHK property located in Chennai, Maharashtra.",Apartment,RENTAL,RESIDENTIAL,IND,"T Nagar, Chennai",Maharashtra,Maharashtra,Chennai,464883,T Nagar,28 Main Road,36,73.92524,18.690728,SQMT,1662.22,4,4,3,8,"Heating, A/C, Parking",2025-04-07,Available,AGENT-29,https://nobroker.in/agent/29,INR,5810005.73,https://nobroker.in/listing/NB-1029/image.jpg,https://nobroker.in/listing/NB-1029
Nobroker.in,2025-03-24,NB-1030,2 BHK House in Bangalore,"Spacious and well-ventilated 2 BHK property located in Bangalore, Tamil Nadu.",Studio,RENTAL,RESIDENTIAL,IND,"Connaught Place, Bangalore",Tamil Nadu,Tamil Nadu,Bangalore,400948,Andheri,8 Main Road,27,72.823814,15.86941,SQFT,1604.99,2,1,2,3,"Terrace, Parking, Heating",2025-03-24,Available,AGENT-30,https://nobroker.in/agent/30,INR,6210029.92,https://nobroker.in/listing/NB-1030/image.jpg,https://nobroker.in/listing/NB-1030
Nobroker.in,2025-03-12,NB-1031,3 BHK House in Chennai,"Spacious and well-ventilated 3 BHK property located in Chennai, Karnataka.",Apartment,SALE,RESIDENTIAL,IND,"Indiranagar, Chennai",Karnataka,Karnataka,Chennai,540064,Connaught Place,14 Main Road,44,72.897414,16.600107,SQFT,1954.16,3,2,5,9,"Parking, Lift",2025-03-12,Available,AGENT-31,https://nobroker.in/agent/31,INR,9027573.44,https://nobroker.in/listing/NB-1031/image.jpg,https://nobroker.in/listing/NB-1031
Nobroker.in,2025-03-22,NB-1032,2 BHK Villa in Bangalore,"Spacious and well-ventilated 2 BHK property located in Bangalore, Maharashtra.",Villa,RENTAL,RESIDENTIAL,IND,"T Nagar, Bangalore",Maharashtra,Maharashtra,Bangalore,408952,Andheri,67 Main Road,76,74.170411,15.257529,SQMT,888.34,2,2,4,9,"A/C, Lift",2025-03-22,Available,AGENT-32,https://nobroker.in/agent/32,INR,6325251.36,https://nobroker.in/listing/NB-1032/image.jpg,https://nobroker.in/listing/NB-1032
Nobroker.in,2025-03-06,NB-1033,2 BHK House in Chennai,"Spacious and well-ventilated 2 BHK property located in Chennai, Maharashtra.",House,RENTAL,BUSINESS,IND,"T Nagar, Chennai",Maharashtra,Maharashtra,Chennai,533233,Indiranagar,69 Main Road,42,75.967463,19.135714,SQMT,827.77,2,1,7,10,"Balcony, A/C, Lift, Terrace",2025-03-06,Available,AGENT-33,https://nobroker.in/agent/33,INR,6842176.75,https://nobroker.in/listing/NB-1033/image.jpg,https://nobroker.in/listing/NB-1033
Nobroker.in,2025-03-27,NB-1034,5 BHK Villa in Delhi,"Spacious and well-ventilated 5 BHK property located in Delhi, Maharashtra.",Apartment,SALE,RESIDENTIAL,IND,"Connaught Place, Delhi",Maharashtra,Maharashtra,Delhi,515455,T Nagar,21 Main Road,53,74.150528,15.571552,SQFT,1123.62,5,2,8,12,"A/C, Balcony, Parking, Terrace",2025-03-27,Available,AGENT-34,https://nobroker.in/agent/34,INR,5599695.58,https://nobroker.in/listing/NB-1034/image.jpg,https://nobroker.in/listing/NB-1034
Nobroker.in,2025-03-14,NB-1035,5 BHK Studio in Chennai,"Spacious and well-ventilated 5 BHK property located in Chennai, Tamil Nadu.",Studio,RENTAL,BUSINESS,IND,"Andheri, Chennai",Tamil Nadu,Tamil Nadu,Chennai,409861,Connaught Place,65 Main Road,23,77.053894,14.404233,SQFT,962.33,5,1,9,13,"Lift, Balcony, A/C, Heating",2025-03-14,Available,AGENT-35,https://nobroker.in/agent/35,INR,5900599.52,https://nobroker.in/listing/NB-1035/image.jpg,https://nobroker.in/listing/NB-1035
Nobroker.in,2025-03-22,NB-1036,2 BHK Studio in Chennai,"Spacious and well-ventilated 2 BHK property located in Chennai, Delhi.",Apartment,RENTAL,RESIDENTIAL,IND,"Andheri, Chennai",Delhi,Delhi,Chennai,514195,Connaught Place,88 Main Road,45,74.468039,16.957522,SQFT,1529.15,2,2,7,12,"A/C, Lift, Terrace, Parking, Balcony",2025-03-22,Available,AGENT-36,https://nobroker.in/agent/36,INR,3985880.74,https://nobroker.in/listing/NB-1036/image.jpg,https://nobroker.in/listing/NB-1036
Nobroker.in,2025-04-16,NB-1037,1 BHK House in Chennai,"Spacious and well-ventilated 1 BHK property located in Chennai, Karnataka.",House,SALE,RESIDENTIAL,IND,"Connaught Place, Chennai",Karnataka,Karnataka,Chennai,514116,Indiranagar,25 Main Road,28,75.604234,19.085695,SQFT,2224.07,1,3,2,4,"Parking, Balcony, Heating, Lift",2025-04-16,Available,AGENT-37,https://nobroker.in/agent/37,INR,7199996.24,https://nobroker.in/listing/NB-1037/image.jpg,https://nobroker.in/listing/NB-1037
Nobroker.in,2025-02-23,NB-1038,2 BHK Villa in Mumbai,"Spacious and well-ventilated 2 BHK property located in Mumbai, Maharashtra.",Apartment,RENTAL,RESIDENTIAL,IND,"T Nagar, Mumbai",Maharashtra,Maharashtra,Mumbai,521593,Connaught Place,49 Main Road,58,73.434455,17.335442,SQFT,573.43,2,1,9,10,"Terrace, Balcony",2025-02-23,Available,AGENT-38,https://nobroker.in/agent/38,INR,8597316.4,https://nobroker.in/listing/NB-1038/image.jpg,https://nobroker.in/listing/NB-1038
Nobroker.in,2025-02-16,NB-1039,2 BHK House in Mumbai,"Spacious and well-ventilated 2 BHK property located in Mumbai, Maharashtra.",Studio,RENTAL,BUSINESS,IND,"Connaught Place, Mumbai",Maharashtra,Maharashtra,Mumbai,442778,Andheri,10 Main Road,19,76.153522,19.089647,SQFT,1243.32,2,1,8,12,"Terrace, A/C",2025-02-16,Available,AGENT-39,https://nobroker.in/agent/39,INR,1639803.96,https://nobroker.in/listing/NB-1039/image.jpg,https://nobroker.in/listing/NB-1039
Nobroker.in,2025-03-28,NB-1040,5 BHK House in Mumbai,"Spacious and well-ventilated 5 BHK property located in Mumbai, Karnataka.",House,SALE,RESIDENTIAL,IND,"Andheri, Mumbai",Karnataka,Karnataka,Mumbai,470006,Indiranagar,66 Main Road,32,74.730578,13.94484,SQMT,427.66,5,1,5,7,"Balcony, Parking, Lift, A/C",2025-03-28,Available,AGENT-40,https://nobroker.in/agent/40,INR,3491243.86,https://nobroker.in/listing/NB-1040/image.jpg,https://nobroker.in/listing/NB-1040
Nobroker.in,2025-02-23,NB-1041,4 BHK House in Delhi,"Spacious and well-ventilated 4 BHK property located in Delhi, Karnataka.",Studio,SALE,BUSINESS,IND,"Connaught Place, Delhi",Karnataka,Karnataka,Delhi,521393,Connaught Place,27 Main Road,23,73.865507,16.881601,SQFT,1665.48,4,2,4,8,"A/C, Balcony, Parking",2025-02-23,Available,AGENT-41,https://nobroker.in/agent/41,INR,7432644.95,https://nobroker.in/listing/NB-1041/image.jpg,https://nobroker.in/listing/NB-1041
Nobroker.in,2025-02-28,NB-1042,1 BHK Villa in Chennai,"Spacious and well-ventilated 1 BHK property located in Chennai, Maharashtra.",Villa,RENTAL,RESIDENTIAL,IND,"Andheri, Chennai",Maharashtra,Maharashtra,Chennai,509343,T Nagar,7 Main Road,51,76.412792,17.57622,SQFT,806.26,1,2,5,6,"Balcony, A/C, Terrace, Parking",2025-02-28,Available,AGENT-42,https://nobroker.in/agent/42,INR,9492702.13,https://nobroker.in/listing/NB-1042/image.jpg,https://nobroker.in/listing/NB-1042
Nobroker.in,2025-04-03,NB-1043,2 BHK Studio in Chennai,"Spacious and well-ventilated 2 BHK property located in Chennai, Karnataka.",Studio,RENTAL,RESIDENTIAL,IND,"T Nagar, Chennai",Karnataka,Karnataka,Chennai,532773,T Nagar,78 Main Road,81,74.488919,14.663445,SQFT,2271.99,2,4,8,10,"Balcony, A/C, Parking, Terrace, Lift",2025-04-03,Available,AGENT-43,https://nobroker.in/agent/43,INR,3942485.57,https://nobroker.in/listing/NB-1043/image.jpg,https://nobroker.in/listing/NB-1043
Nobroker.in,2025-04-15,NB-1044,1 BHK Villa in Mumbai,"Spacious and well-ventilated 1 BHK property located in Mumbai, Tamil Nadu.",Villa,SALE,RESIDENTIAL,IND,"Andheri, Mumbai",Tamil Nadu,Tamil Nadu,Mumbai,402894,Andheri,13 Main Road,86,77.670655,15.580328,SQMT,1404.65,1,3,3,8,"Heating, Parking",2025-04-15,Available,AGENT-44,https://nobroker.in/agent/44,INR,6872568.43,https://nobroker.in/listing/NB-1044/image.jpg,https://nobroker.in/listing/NB-1044
Nobroker.in,2025-03-09,NB-1045,2 BHK Apartment in Bangalore,"Spacious and well-ventilated 2 BHK property located in Bangalore, Delhi.",House,RENTAL,RESIDENTIAL,IND,"Andheri, Bangalore",Delhi,Delhi,Bangalore,437859,Indiranagar,91 Main Road,44,73.867781,15.341111,SQFT,460.54,2,4,7,11,"Lift, Balcony, A/C, Parking",2025-03-09,Available,AGENT-45,https://nobroker.in/agent/45,INR,7902874.65,https://nobroker.in/listing/NB-1045/image.jpg,https://nobroker.in/listing/NB-1045
Nobroker.in,2025-03-23,NB-1046,2 BHK House in Delhi,"Spacious and well-ventilated 2 BHK property located in Delhi, Maharashtra.",House,RENTAL,BUSINESS,IND,"Andheri, Delhi",Maharashtra,Maharashtra,Delhi,476405,T Nagar,77 Main Road,3,77.347436,19.018137,SQMT,439.24,2,1,7,7,"Terrace, Heating, Balcony, Lift",2025-03-23,Available,AGENT-46,https://nobroker.in/agent/46,INR,3902798.26,https://nobroker.in/listing/NB-1046/image.jpg,https://nobroker.in/listing/NB-1046
Nobroker.in,2025-04-10,NB-1047,1 BHK Apartment in Chennai,"Spacious and well-ventilated 1 BHK property located in Chennai, Karnataka.",Studio,SALE,BUSINESS,IND,"Connaught Place, Chennai",Karnataka,Karnataka,Chennai,437446,T Nagar,92 Main Road,5,76.611174,15.800546,SQFT,739.6,1,1,7,10,"Lift, Balcony, A/C, Parking",2025-04-10,Available,AGENT-47,https://nobroker.in/agent/47,INR,3819172.87,https://nobroker.in/listing/NB-1047/image.jpg,https://nobroker.in/listing/NB-1047
Nobroker.in,2025-04-14,NB-1048,1 BHK Apartment in Mumbai,"Spacious and well-ventilated 1 BHK property located in Mumbai, Maharashtra.",Apartment,SALE,BUSINESS,IND,"Andheri, Mumbai",Maharashtra,Maharashtra,Mumbai,512364,Andheri,30 Main Road,89,73.11107,12.953345,SQMT,1039.27,1,2,8,9,"Lift, Balcony, Heating",2025-04-14,Available,AGENT-48,https://nobroker.in/agent/48,INR,8169484.54,https://nobroker.in/listing/NB-1048/image.jpg,https://nobroker.in/listing/NB-1048
Nobroker.in,2025-02-24,NB-1049,5 BHK House in Mumbai,"Spacious and well-ventilated 5 BHK property located in Mumbai, Karnataka.",Studio,SALE,BUSINESS,IND,"Connaught Place, Mumbai",Karnataka,Karnataka,Mumbai,417773,Andheri,67 Main Road,22,77.037964,16.604629,SQMT,1986.07,5,4,6,9,"Balcony, A/C",2025-02-24,Available,AGENT-49,https://nobroker.in/agent/49,INR,3134918.2,https://nobroker.in/listing/NB-1049/image.jpg,https://nobroker.in/listing/NB-1049
Nobroker.in,2025-02-16,NB-1050,2 BHK Apartment in Mumbai,"Spacious and well-ventilated 2 BHK property located in Mumbai, Delhi.",Villa,SALE,RESIDENTIAL,IND,"Indiranagar, Mumbai",Delhi,Delhi,Mumbai,516444,T Nagar,62 Main Road,64,74.26567,14.600296,SQFT,2392.93,2,1,7,8,"Terrace, Parking, A/C, Balcony",2025-02-16,Available,AGENT-50,https://nobroker.in/agent/50,INR,3042759.45,https://nobroker.in/listing/NB-1050/image.jpg,https://nobroker.in/listing/NB-1050
Nobroker.in,2025-03-28,NB-1051,2 BHK Studio in Bangalore,"Spacious and well-ventilated 2 BHK property located in Bangalore, Tamil Nadu.",House,RENTAL,BUSINESS,IND,"T Nagar, Bangalore",Tamil Nadu,Tamil Nadu,Bangalore,507327,Indiranagar,24 Main Road,59,75.404409,15.838453,SQMT,2010.22,2,2,9,14,"Heating, Balcony",2025-03-28,Available,AGENT-51,https://nobroker.in/agent/51,INR,7874998.38,https://nobroker.in/listing/NB-1051/image.jpg,https://nobroker.in/listing/NB-1051
Nobroker.in,2025-03-17,NB-1052,5 BHK Villa in Mumbai,"Spacious and well-ventilated 5 BHK property located in Mumbai, Tamil Nadu.",House,RENTAL,RESIDENTIAL,IND,"Connaught Place, Mumbai",Tamil Nadu,Tamil Nadu,Mumbai,494027,Andheri,22 Main Road,2,74.498151,15.124943,SQFT,589.94,5,1,1,1,"Heating, A/C, Lift",2025-03-17,Available,AGENT-52,https://nobroker.in/agent/52,INR,5702674.47,https://nobroker.in/listing/NB-1052/image.jpg,https://nobroker.in/listing/NB-1052
Nobroker.in,2025-03-17,NB-1053,2 BHK Studio in Mumbai,"Spacious and well-ventilated 2 BHK property located in Mumbai, Maharashtra.",Villa,SALE,RESIDENTIAL,IND,"T Nagar, Mumbai",Maharashtra,Maharashtra,Mumbai,533980,Indiranagar,56 Main Road,50,73.428656,18.433567,SQFT,2373.13,2,2,3,5,"Terrace, A/C, Heating, Parking, Balcony",2025-03-17,Available,AGENT-53,https://nobroker.in/agent/53,INR,5956725.03,https://nobroker.in/listing/NB-1053/image.jpg,https://nobroker.in/listing/NB-1053
Nobroker.in,2025-03-25,NB-1054,1 BHK Villa in Chennai,"Spacious and well-ventilated 1 BHK property located in Chennai, Karnataka.",House,SALE,RESIDENTIAL,IND,"Connaught Place, Chennai",Karnataka,Karnataka,Chennai,428160,Andheri,93 Main Road,19,74.514356,17.718605,SQFT,922.06,1,4,6,7,"Terrace, Balcony",2025-03-25,Available,AGENT-54,https://nobroker.in/agent/54,INR,6468389.05,https://nobroker.in/listing/NB-1054/image.jpg,https://nobroker.in/listing/NB-1054
Nobroker.in,2025-03-30,NB-1055,2 BHK House in Bangalore,"Spacious and well-ventilated 2 BHK property located in Bangalore, Maharashtra.",House,RENTAL,RESIDENTIAL,IND,"Connaught Place, Bangalore",Maharashtra,Maharashtra,Bangalore,434533,Indiranagar,20 Main Road,91,76.866682,15.826382,SQFT,748.33,2,3,10,11,"Lift, A/C, Heating, Balcony, Terrace",2025-03-30,Available,AGENT-55,https://nobroker.in/agent/55,INR,5034525.2,https://nobroker.in/listing/NB-1055/image.jpg,https://nobroker.in/listing/NB-1055
Nobroker.in,2025-04-13,NB-1056,1 BHK Apartment in Mumbai,"Spacious and well-ventilated 1 BHK property located in Mumbai, Delhi.",Villa,SALE,BUSINESS,IND,"Connaught Place, Mumbai",Delhi,Delhi,Mumbai,418616,Andheri,37 Main Road,32,75.552078,15.250571,SQFT,1468.24,1,1,2,2,"Heating, Balcony",2025-04-13,Available,AGENT-56,https://nobroker.in/agent/56,INR,3542814.94,https://nobroker.in/listing/NB-1056/image.jpg,https://nobroker.in/listing/NB-1056
Nobroker.in,2025-04-08,NB-1057,4 BHK House in Mumbai,"Spacious and well-ventilated 4 BHK property located in Mumbai, Karnataka.",Apartment,RENTAL,RESIDENTIAL,IND,"T Nagar, Mumbai",Karnataka,Karnataka,Mumbai,439039,Connaught Place,59 Main Road,26,73.436512,13.7732,SQMT,1861.86,4,1,10,14,"Balcony, Heating, Lift",2025-04-08,Available,AGENT-57,https://nobroker.in/agent/57,INR,8292951.73,https://nobroker.in/listing/NB-1057/image.jpg,https://nobroker.in/listing/NB-1057
Nobroker.in,2025-03-01,NB-1058,5 BHK Apartment in Mumbai,"Spacious and well-ventilated 5 BHK property located in Mumbai, Karnataka.",Apartment,RENTAL,BUSINESS,IND,"Connaught Place, Mumbai",Karnataka,Karnataka,Mumbai,502829,Andheri,56 Main Road,15,73.3496,16.005264,SQFT,859.38,5,4,5,8,"Balcony, Parking",2025-03-01,Available,AGENT-58,https://nobroker.in/agent/58,INR,5426531.76,https://nobroker.in/listing/NB-1058/image.jpg,https://nobroker.in/listing/NB-1058
Nobroker.in,2025-03-05,NB-1059,1 BHK Apartment in Chennai,"Spacious and well-ventilated 1 BHK property located in Chennai, Karnataka.",House,RENTAL,BUSINESS,IND,"T Nagar, Chennai",Karnataka,Karnataka,Chennai,448146,Andheri,83 Main Road,26,75.010106,18.603551,SQFT,1738.4,1,4,2,3,"Parking, Balcony, Heating, Terrace, Lift",2025-03-05,Available,AGENT-59,https://nobroker.in/agent/59,INR,9391337.07,https://nobroker.in/listing/NB-1059/image.jpg,https://nobroker.in/listing/NB-1059
Nobroker.in,2025-02-25,NB-1060,5 BHK Studio in Chennai,"Spacious and well-ventilated 5 BHK property located in Chennai, Maharashtra.",Apartment,RENTAL,RESIDENTIAL,IND,"Connaught Place, Chennai",Maharashtra,Maharashtra,Chennai,496529,Indiranagar,44 Main Road,8,74.973828,18.225945,SQFT,619.78,5,4,1,3,"Terrace, Parking, A/C, Balcony, Heating",2025-02-25,Available,AGENT-60,https://nobroker.in/agent/60,INR,5027162.84,https://nobroker.in/listing/NB-1060/image.jpg,https://nobroker.in/listing/NB-1060
Nobroker.in,2025-02-27,NB-1061,5 BHK House in Delhi,"Spacious and well-ventilated 5 BHK property located in Delhi, Tamil Nadu.",Studio,SALE,RESIDENTIAL,IND,"T Nagar, Delhi",Tamil Nadu,Tamil Nadu,Delhi,582712,Andheri,21 Main Road,15,74.883291,16.87567,SQMT,1587.97,5,4,6,11,"A/C, Parking, Lift",2025-02-27,Available,AGENT-61,https://nobroker.in/agent/61,INR,2777860.01,https://nobroker.in/listing/NB-1061/image.jpg,https://nobroker.in/listing/NB-1061
Nobroker.in,2025-03-15,NB-1062,4 BHK Studio in Bangalore,"Spacious and well-ventilated 4 BHK property located in Bangalore, Karnataka.",Villa,SALE,BUSINESS,IND,"Andheri, Bangalore",Karnataka,Karnataka,Bangalore,597050,Andheri,82 Main Road,51,75.050645,19.069245,SQFT,1287.22,4,1,8,12,"Heating, Terrace",2025-03-15,Available,AGENT-62,https://nobroker.in/agent/62,INR,4963993.28,https://nobroker.in/listing/NB-1062/image.jpg,https://nobroker.in/listing/NB-1062
Nobroker.in,2025-02-20,NB-1063,5 BHK Villa in Mumbai,"Spacious and well-ventilated 5 BHK property located in Mumbai, Maharashtra.",Studio,RENTAL,RESIDENTIAL,IND,"Connaught Place, Mumbai",Maharashtra,Maharashtra,Mumbai,426969,T Nagar,89 Main Road,26,76.127699,14.215419,SQMT,2108.38,5,1,7,11,"Heating, Terrace, A/C, Balcony",2025-02-20,Available,AGENT-63,https://nobroker.in/agent/63,INR,4672482.97,https://nobroker.in/listing/NB-1063/image.jpg,https://nobroker.in/listing/NB-1063
Nobroker.in,2025-02-24,NB-1064,5 BHK Studio in Bangalore,"Spacious and well-ventilated 5 BHK property located in Bangalore, Delhi.",House,RENTAL,RESIDENTIAL,IND,"Connaught Place, Bangalore",Delhi,Delhi,Bangalore,523853,Andheri,65 Main Road,72,76.132963,15.358766,SQMT,1583.58,5,1,2,6,"Terrace, Balcony, Heating, Lift, A/C",2025-02-24,Available,AGENT-64,https://nobroker.in/agent/64,INR,4941991.72,https://nobroker.in/listing/NB-1064/image.jpg,https://nobroker.in/listing/NB-1064
Nobroker.in,2025-04-11,NB-1065,3 BHK House in Bangalore,"Spacious and well-ventilated 3 BHK property located in Bangalore, Delhi.",Villa,RENTAL,BUSINESS,IND,"Indiranagar, Bangalore",Delhi,Delhi,Bangalore,460694,Andheri,31 Main Road,29,73.349285,14.318527,SQMT,2380.53,3,1,9,11,"Balcony, A/C, Parking, Terrace",2025-04-11,Available,AGENT-65,https://nobroker.in/agent/65,INR,9432623.26,https://nobroker.in/listing/NB-1065/image.jpg,https://nobroker.in/listing/NB-1065
Nobroker.in,2025-02-28,NB-1066,5 BHK House in Chennai,"Spacious and well-ventilated 5 BHK property located in Chennai, Delhi.",Apartment,RENTAL,RESIDENTIAL,IND,"Indiranagar, Chennai",Delhi,Delhi,Chennai,575212,Indiranagar,32 Main Road,85,75.890051,18.245153,SQFT,1023.28,5,4,3,7,"Heating, Balcony, A/C",2025-02-28,Available,AGENT-66,https://nobroker.in/agent/66,INR,5469160.02,https://nobroker.in/listing/NB-1066/image.jpg,https://nobroker.in/listing/NB-1066
Nobroker.in,2025-03-13,NB-1067,2 BHK House in Bangalore,"Spacious and well-ventilated 2 BHK property located in Bangalore, Tamil Nadu.",Apartment,SALE,RESIDENTIAL,IND,"T Nagar, Bangalore",Tamil Nadu,Tamil Nadu,Bangalore,451078,Andheri,95 Main Road,5,74.65873,18.764173,SQFT,1914.7,2,2,3,4,"Heating, Balcony, Parking, Terrace",2025-03-13,Available,AGENT-67,https://nobroker.in/agent/67,INR,7171374.71,https://nobroker.in/listing/NB-1067/image.jpg,https://nobroker.in/listing/NB-1067
Nobroker.in,2025-02-22,NB-1068,3 BHK Studio in Bangalore,"Spacious and well-ventilated 3 BHK property located in Bangalore, Maharashtra.",House,SALE,BUSINESS,IND,"T Nagar, Bangalore",Maharashtra,Maharashtra,Bangalore,574056,Andheri,83 Main Road,19,72.923793,13.510926,SQFT,462.35,3,1,9,12,"A/C, Parking, Terrace, Lift",2025-02-22,Available,AGENT-68,https://nobroker.in/agent/68,INR,3977381.53,https://nobroker.in/listing/NB-1068/image.jpg,https://nobroker.in/listing/NB-1068
Nobroker.in,2025-03-17,NB-1069,5 BHK Villa in Mumbai,"Spacious and well-ventilated 5 BHK property located in Mumbai, Delhi.",Studio,SALE,RESIDENTIAL,IND,"T Nagar, Mumbai",Delhi,Delhi,Mumbai,457097,T Nagar,77 Main Road,64,77.273841,19.021272,SQMT,1970.55,5,3,7,12,"Parking, Heating",2025-03-17,Available,AGENT-69,https://nobroker.in/agent/69,INR,1696176.52,https://nobroker.in/listing/NB-1069/image.jpg,https://nobroker.in/listing/NB-1069
Nobroker.in,2025-03-29,NB-1070,4 BHK Villa in Bangalore,"Spacious and well-ventilated 4 BHK property located in Bangalore, Maharashtra.",Apartment,SALE,RESIDENTIAL,IND,"T Nagar, Bangalore",Maharashtra,Maharashtra,Bangalore,592388,Connaught Place,95 Main Road,83,76.809885,17.777681,SQFT,1083.9,4,4,4,7,"Lift, A/C",2025-03-29,Available,AGENT-70,https://nobroker.in/agent/70,INR,6265643.8,https://nobroker.in/listing/NB-1070/image.jpg,https://nobroker.in/listing/NB-1070
Nobroker.in,2025-02-22,NB-1071,3 BHK Studio in Mumbai,"Spacious and well-ventilated 3 BHK property located in Mumbai, Karnataka.",House,SALE,RESIDENTIAL,IND,"T Nagar, Mumbai",Karnataka,Karnataka,Mumbai,578348,Indiranagar,79 Main Road,33,75.826447,14.504215,SQMT,1067.77,3,4,10,15,"A/C, Terrace",2025-02-22,Available,AGENT-71,https://nobroker.in/agent/71,INR,2344486.51,https://nobroker.in/listing/NB-1071/image.jpg,https://nobroker.in/listing/NB-1071
Nobroker.in,2025-04-03,NB-1072,1 BHK House in Bangalore,"Spacious and well-ventilated 1 BHK property located in Bangalore, Tamil Nadu.",Apartment,RENTAL,RESIDENTIAL,IND,"Indiranagar, Bangalore",Tamil Nadu,Tamil Nadu,Bangalore,592955,Andheri,62 Main Road,80,74.728928,14.330522,SQFT,2079.69,1,2,5,9,"Parking, Terrace, Heating",2025-04-03,Available,AGENT-72,https://nobroker.in/agent/72,INR,1698717.91,https://nobroker.in/listing/NB-1072/image.jpg,https://nobroker.in/listing/NB-1072
Nobroker.in,2025-04-05,NB-1073,3 BHK Studio in Bangalore,"Spacious and well-ventilated 3 BHK property located in Bangalore, Tamil Nadu.",Studio,RENTAL,RESIDENTIAL,IND,"Andheri, Bangalore",Tamil Nadu,Tamil Nadu,Bangalore,510135,T Nagar,19 Main Road,23,75.645648,17.527036,SQFT,2185.2,3,2,2,6,"Lift, Parking, A/C",2025-04-05,Available,AGENT-73,https://nobroker.in/agent/73,INR,6513181.57,https://nobroker.in/listing/NB-1073/image.jpg,https://nobroker.in/listing/NB-1073
Nobroker.in,2025-04-05,NB-1074,5 BHK Studio in Delhi,"Spacious and well-ventilated 5 BHK property located in Delhi, Tamil Nadu.",House,SALE,BUSINESS,IND,"Connaught Place, Delhi",Tamil Nadu,Tamil Nadu,Delhi,490552,T Nagar,15 Main Road,84,75.09091,13.352545,SQMT,1368.84,5,4,8,12,"A/C, Terrace, Heating, Balcony, Lift",2025-04-05,Available,AGENT-74,https://nobroker.in/agent/74,INR,2330206.92,https://nobroker.in/listing/NB-1074/image.jpg,https://nobroker.in/listing/NB-1074
Nobroker.in,2025-03-10,NB-1075,5 BHK Apartment in Bangalore,"Spacious and well-ventilated 5 BHK property located in Bangalore, Maharashtra.",House,SALE,BUSINESS,IND,"Connaught Place, Bangalore",Maharashtra,Maharashtra,Bangalore,437275,Indiranagar,21 Main Road,48,76.844307,14.36063,SQFT,2469.18,5,4,9,12,"Balcony, Terrace",2025-03-10,Available,AGENT-75,https://nobroker.in/agent/75,INR,2591044.15,https://nobroker.in/listing/NB-1075/image.jpg,https://nobroker.in/listing/NB-1075
Nobroker.in,2025-02-23,NB-1076,4 BHK Villa in Bangalore,"Spacious and well-ventilated 4 BHK property located in Bangalore, Delhi.",Villa,RENTAL,BUSINESS,IND,"Indiranagar, Bangalore",Delhi,Delhi,Bangalore,596239,T Nagar,30 Main Road,1,75.510158,13.271115,SQFT,1909.32,4,1,1,4,"Balcony, Parking, A/C, Lift",2025-02-23,Available,AGENT-76,https://nobroker.in/agent/76,INR,8250657.03,https://nobroker.in/listing/NB-1076/image.jpg,https://nobroker.in/listing/NB-1076
Nobroker.in,2025-04-12,NB-1077,1 BHK Apartment in Chennai,"Spacious and well-ventilated 1 BHK property located in Chennai, Tamil Nadu.",Studio,RENTAL,RESIDENTIAL,IND,"Indiranagar, Chennai",Tamil Nadu,Tamil Nadu,Chennai,425447,T Nagar,15 Main Road,55,75.420647,13.063639,SQFT,1175.03,1,4,9,12,"Heating, A/C, Terrace, Lift",2025-04-12,Available,AGENT-77,https://nobroker.in/agent/77,INR,5139841.2,https://nobroker.in/listing/NB-1077/image.jpg,https://nobroker.in/listing/NB-1077
Nobroker.in,2025-03-19,NB-1078,4 BHK Studio in Bangalore,"Spacious and well-ventilated 4 BHK property located in Bangalore, Maharashtra.",Studio,SALE,RESIDENTIAL,IND,"T Nagar, Bangalore",Maharashtra,Maharashtra,Bangalore,567935,Connaught Place,39 Main Road,17,73.957494,16.557124,SQMT,892.74,4,3,9,10,"Lift, A/C, Parking, Terrace",2025-03-19,Available,AGENT-78,https://nobroker.in/agent/78,INR,5010031.06,https://nobroker.in/listing/NB-1078/image.jpg,https://nobroker.in/listing/NB-1078
Nobroker.in,2025-03-26,NB-1079,1 BHK Villa in Chennai,"Spacious and well-ventilated 1 BHK property located in Chennai, Tamil Nadu.",Villa,SALE,RESIDENTIAL,IND,"Andheri, Chennai",Tamil Nadu,Tamil Nadu,Chennai,533727,Andheri,13 Main Road,90,75.250815,17.549502,SQMT,707.46,1,2,5,10,"Parking, Balcony",2025-03-26,Available,AGENT-79,https://nobroker.in/agent/79,INR,7739405.31,https://nobroker.in/listing/NB-1079/image.jpg,https://nobroker.in/listing/NB-1079
Nobroker.in,2025-03-09,NB-1080,2 BHK Villa in Bangalore,"Spacious and well-ventilated 2 BHK property located in Bangalore, Tamil Nadu.",Apartment,SALE,RESIDENTIAL,IND,"Indiranagar, Bangalore",Tamil Nadu,Tamil Nadu,Bangalore,575018,Connaught Place,27 Main Road,11,77.481702,16.525168,SQMT,938.17,2,3,7,8,"Heating, Balcony",2025-03-09,Available,AGENT-80,https://nobroker.in/agent/80,INR,4965269.18,https://nobroker.in/listing/NB-1080/image.jpg,https://nobroker.in/listing/NB-1080
Nobroker.in,2025-03-07,NB-1081,4 BHK Apartment in Delhi,"Spacious and well-ventilated 4 BHK property located in Delhi, Maharashtra.",Studio,SALE,RESIDENTIAL,IND,"Andheri, Delhi",Maharashtra,Maharashtra,Delhi,560878,Indiranagar,95 Main Road,26,74.297527,14.769628,SQMT,2149.49,4,3,1,5,"Heating, Balcony, Terrace",2025-03-07,Available,AGENT-81,https://nobroker.in/agent/81,INR,5121479.6,https://nobroker.in/listing/NB-1081/image.jpg,https://nobroker.in/listing/NB-1081
Nobroker.in,2025-04-09,NB-1082,1 BHK Apartment in Chennai,"Spacious and well-ventilated 1 BHK property located in Chennai, Karnataka.",Studio,RENTAL,RESIDENTIAL,IND,"Connaught Place, Chennai",Karnataka,Karnataka,Chennai,510229,T Nagar,70 Main Road,52,73.189058,19.064429,SQMT,944.24,1,3,3,4,"A/C, Terrace, Heating, Balcony, Lift",2025-04-09,Available,AGENT-82,https://nobroker.in/agent/82,INR,7426596.93,https://nobroker.in/listing/NB-1082/image.jpg,https://nobroker.in/listing/NB-1082
Nobroker.in,2025-03-18,NB-1083,2 BHK Studio in Chennai,"Spacious and well-ventilated 2 BHK property located in Chennai, Maharashtra.",Apartment,RENTAL,BUSINESS,IND,"Connaught Place, Chennai",Maharashtra,Maharashtra,Chennai,401906,T Nagar,22 Main Road,47,77.015859,14.492674,SQFT,2075.22,2,1,4,5,"Lift, Heating, Balcony",2025-03-18,Available,AGENT-83,https://nobroker.in/agent/83,INR,7063713.78,https://nobroker.in/listing/NB-1083/image.jpg,https://nobroker.in/listing/NB-1083
Nobroker.in,2025-03-27,NB-1084,1 BHK Apartment in Chennai,"Spacious and well-ventilated 1 BHK property located in Chennai, Maharashtra.",House,RENTAL,RESIDENTIAL,IND,"Indiranagar, Chennai",Maharashtra,Maharashtra,Chennai,471239,T Nagar,6 Main Road,54,73.722565,15.772282,SQMT,2481.04,1,1,5,5,"A/C, Lift",2025-03-27,Available,AGENT-84,https://nobroker.in/agent/84,INR,5552864.59,https://nobroker.in/listing/NB-1084/image.jpg,https://nobroker.in/listing/NB-1084
Nobroker.in,2025-03-02,NB-1085,4 BHK Apartment in Bangalore,"Spacious and well-ventilated 4 BHK property located in Bangalore, Tamil Nadu.",Apartment,SALE,BUSINESS,IND,"Indiranagar, Bangalore",Tamil Nadu,Tamil Nadu,Bangalore,478681,Andheri,56 Main Road,46,76.827954,18.737978,SQFT,1687.71,4,4,8,8,"Balcony, Heating, Lift",2025-03-02,Available,AGENT-85,https://nobroker.in/agent/85,INR,3774087.95,https://nobroker.in/listing/NB-1085/image.jpg,https://nobroker.in/listing/NB-1085
Nobroker.in,2025-03-04,NB-1086,5 BHK Studio in Delhi,"Spacious and well-ventilated 5 BHK property located in Delhi, Tamil Nadu.",Villa,RENTAL,RESIDENTIAL,IND,"Connaught Place, Delhi",Tamil Nadu,Tamil Nadu,Delhi,515631,T Nagar,11 Main Road,49,75.731709,15.053454,SQFT,2323.49,5,2,9,13,"Terrace, A/C, Heating, Lift",2025-03-04,Available,AGENT-86,https://nobroker.in/agent/86,INR,6925842.39,https://nobroker.in/listing/NB-1086/image.jpg,https://nobroker.in/listing/NB-1086
Nobroker.in,2025-03-11,NB-1087,4 BHK House in Chennai,"Spacious and well-ventilated 4 BHK property located in Chennai, Maharashtra.",Apartment,SALE,BUSINESS,IND,"T Nagar, Chennai",Maharashtra,Maharashtra,Chennai,570702,Andheri,76 Main Road,50,75.26419,18.924161,SQFT,2319.65,4,1,7,9,"Parking, A/C, Terrace, Heating",2025-03-11,Available,AGENT-87,https://nobroker.in/agent/87,INR,4439282.48,https://nobroker.in/listing/NB-1087/image.jpg,https://nobroker.in/listing/NB-1087
Nobroker.in,2025-03-24,NB-1088,5 BHK House in Mumbai,"Spacious and well-ventilated 5 BHK property located in Mumbai, Tamil Nadu.",House,RENTAL,BUSINESS,IND,"Indiranagar, Mumbai",Tamil Nadu,Tamil Nadu,Mumbai,485706,Connaught Place,53 Main Road,36,76.749681,13.071675,SQFT,1462.87,5,1,9,9,"Lift, Parking",2025-03-24,Available,AGENT-88,https://nobroker.in/agent/88,INR,3134839.61,https://nobroker.in/listing/NB-1088/image.jpg,https://nobroker.in/listing/NB-1088
Nobroker.in,2025-03-09,NB-1089,2 BHK Studio in Bangalore,"Spacious and well-ventilated 2 BHK property located in Bangalore, Delhi.",House,RENTAL,RESIDENTIAL,IND,"Indiranagar, Bangalore",Delhi,Delhi,Bangalore,443051,Andheri,50 Main Road,53,75.159516,13.311887,SQFT,2223.16,2,3,1,4,"Balcony, Terrace, Parking, Heating, Lift",2025-03-09,Available,AGENT-89,https://nobroker.in/agent/89,INR,3010529.9,https://nobroker.in/listing/NB-1089/image.jpg,https://nobroker.in/listing/NB-1089
Nobroker.in,2025-02-26,NB-1090,1 BHK House in Chennai,"Spacious and well-ventilated 1 BHK property located in Chennai, Maharashtra.",Villa,SALE,BUSINESS,IND,"T Nagar, Chennai",Maharashtra,Maharashtra,Chennai,555509,Indiranagar,16 Main Road,9,74.362222,15.462974,SQFT,891.37,1,4,9,9,"Balcony, Lift, A/C",2025-02-26,Available,AGENT-90,https://nobroker.in/agent/90,INR,7029729.28,https://nobroker.in/listing/NB-1090/image.jpg,https://nobroker.in/listing/NB-1090
Nobroker.in,2025-03-13,NB-1091,5 BHK Studio in Delhi,"Spacious and well-ventilated 5 BHK property located in Delhi, Tamil Nadu.",Apartment,RENTAL,BUSINESS,IND,"Connaught Place, Delhi",Tamil Nadu,Tamil Nadu,Delhi,588233,T Nagar,76 Main Road,17,73.591028,16.149262,SQFT,817.86,5,3,9,11,"Balcony, Heating, A/C, Terrace, Parking",2025-03-13,Available,AGENT-91,https://nobroker.in/agent/91,INR,5733366.51,https://nobroker.in/listing/NB-1091/image.jpg,https://nobroker.in/listing/NB-1091
Nobroker.in,2025-03-26,NB-1092,3 BHK Studio in Bangalore,"Spacious and well-ventilated 3 BHK property located in Bangalore, Delhi.",House,RENTAL,RESIDENTIAL,IND,"Connaught Place, Bangalore",Delhi,Delhi,Bangalore,402877,T Nagar,20 Main Road,77,74.842337,15.020312,SQFT,884.11,3,4,5,10,"A/C, Parking, Terrace, Balcony",2025-03-26,Available,AGENT-92,https://nobroker.in/agent/92,INR,9423955.25,https://nobroker.in/listing/NB-1092/image.jpg,https://nobroker.in/listing/NB-1092
Nobroker.in,2025-04-09,NB-1093,4 BHK Villa in Chennai,"Spacious and well-ventilated 4 BHK property located in Chennai, Tamil Nadu.",Villa,SALE,BUSINESS,IND,"Andheri, Chennai",Tamil Nadu,Tamil Nadu,Chennai,494602,Connaught Place,11 Main Road,31,74.852379,16.842731,SQFT,489.1,4,3,8,8,"Heating, A/C",2025-04-09,Available,AGENT-93,https://nobroker.in/agent/93,INR,4653341.42,https://nobroker.in/listing/NB-1093/image.jpg,https://nobroker.in/listing/NB-1093
Nobroker.in,2025-02-18,NB-1094,3 BHK Villa in Delhi,"Spacious and well-ventilated 3 BHK property located in Delhi, Maharashtra.",Villa,RENTAL,RESIDENTIAL,IND,"T Nagar, Delhi",Maharashtra,Maharashtra,Delhi,423963,Connaught Place,83 Main Road,50,77.157324,17.557281,SQMT,1310.38,3,4,5,7,"A/C, Terrace, Parking, Balcony",2025-02-18,Available,AGENT-94,https://nobroker.in/agent/94,INR,4009744.85,https://nobroker.in/listing/NB-1094/image.jpg,https://nobroker.in/listing/NB-1094
Nobroker.in,2025-03-21,NB-1095,2 BHK Apartment in Mumbai,"Spacious and well-ventilated 2 BHK property located in Mumbai, Maharashtra.",Villa,RENTAL,BUSINESS,IND,"T Nagar, Mumbai",Maharashtra,Maharashtra,Mumbai,514279,T Nagar,39 Main Road,80,73.497025,18.065285,SQFT,1764.16,2,1,10,14,"Parking, A/C, Lift, Balcony, Heating",2025-03-21,Available,AGENT-95,https://nobroker.in/agent/95,INR,6417510.55,https://nobroker.in/listing/NB-1095/image.jpg,https://nobroker.in/listing/NB-1095
Nobroker.in,2025-04-04,NB-1096,3 BHK Apartment in Mumbai,"Spacious and well-ventilated 3 BHK property located in Mumbai, Maharashtra.",Studio,RENTAL,BUSINESS,IND,"T Nagar, Mumbai",Maharashtra,Maharashtra,Mumbai,547240,Indiranagar,68 Main Road,74,76.795704,16.545924,SQFT,445.93,3,3,6,8,"A/C, Parking, Lift, Terrace, Heating",2025-04-04,Available,AGENT-96,https://nobroker.in/agent/96,INR,8809020.63,https://nobroker.in/listing/NB-1096/image.jpg,https://nobroker.in/listing/NB-1096
Nobroker.in,2025-03-02,NB-1097,1 BHK Villa in Bangalore,"Spacious and well-ventilated 1 BHK property located in Bangalore, Delhi.",House,RENTAL,RESIDENTIAL,IND,"Andheri, Bangalore",Delhi,Delhi,Bangalore,579211,Connaught Place,16 Main Road,64,75.704837,17.320934,SQMT,606.13,1,3,4,4,"Balcony, A/C",2025-03-02,Available,AGENT-97,https://nobroker.in/agent/97,INR,5039610.69,https://nobroker.in/listing/NB-1097/image.jpg,https://nobroker.in/listing/NB-1097
Nobroker.in,2025-03-26,NB-1098,1 BHK Studio in Bangalore,"Spacious and well-ventilated 1 BHK property located in Bangalore, Tamil Nadu.",Studio,RENTAL,BUSINESS,IND,"T Nagar, Bangalore",Tamil Nadu,Tamil Nadu,Bangalore,468432,Andheri,59 Main Road,88,73.110744,15.970845,SQFT,1846.76,1,4,4,9,"A/C, Lift",2025-03-26,Available,AGENT-98,https://nobroker.in/agent/98,INR,3328944.16,https://nobroker.in/listing/NB-1098/image.jpg,https://nobroker.in/listing/NB-1098
Nobroker.in,2025-03-05,NB-1099,4 BHK Villa in Delhi,"Spacious and well-ventilated 4 BHK property located in Delhi, Delhi.",Apartment,SALE,BUSINESS,IND,"Andheri, Delhi",Delhi,Delhi,Delhi,467541,T Nagar,90 Main Road,66,72.944673,19.079089,SQFT,2016.94,4,3,2,3,"A/C, Balcony, Heating",2025-03-05,Available,AGENT-99,https://nobroker.in/agent/99,INR,3344252.25,https://nobroker.in/listing/NB-1099/image.jpg,https://nobroker.in/listing/NB-1099
Nobroker.in,2025-02-24,NB-1100,5 BHK House in Mumbai,"Spacious and well-ventilated 5 BHK property located in Mumbai, Delhi.",House,RENTAL,RESIDENTIAL,IND,"T Nagar, Mumbai",Delhi,Delhi,Mumbai,426331,Indiranagar,11 Main Road,68,75.80835,14.626158,SQFT,1577.57,5,1,4,5,"Lift, Parking, Balcony, A/C, Terrace",2025-02-24,Available,AGENT-100,https://nobroker.in/agent/100,INR,7850023.1,https://nobroker.in/listing/NB-1100/image.jpg,https://nobroker.in/listing/NB-1100
